sku,name,short_description,Weight,Height,Width,material,collection,price,link
0001,Идол Ктулху,"Неважно, молишься ли ты Древним или просто обожаешь щекотать рассудок тайнами Филипа Говорда, - этот Макгаффин точно для тебя. Изготовленный из орихалка и инкрустированный камнем, чернее бездны Р’льеха, он шепчет на забытых языках: ""Ph’nglui mglw’nafh Cthulhu R’lyeh wgah’nagl fhtagn"".

Идол Ктулху - артефакт, способный свести с ума даже самых стойких. Прислушайся... он взывает к тебе, предлагая прикоснуться к видениям Безумного Бога, к древним кошмарам и бесконечной тьме космического ужаса.

Если ты осмелился назвать себя культистом, ктулхистом или просто любителем вселенского абсурда Лавкрафта, этот Макгаффин - твой пропуск в мир, где реальность трещит по швам, обнажая истинную природу космоса.

Готов услышать зов?",20,52,16,"бронза «Орихалк», вставка авантюрин «Космос»",Exlibris,3999,https://vk.com/market-210844550?w=product-210844550_8735568
0002,Котелок,"Тот самый ведьмин артефакт, который помнит времена, когда Гензель и Гретель были закуской, а не героями сказки.


Этот макгаффин идеально подходит для тех, кто мечтает «сварить» что-то грандиозное, будь то любовное зелье, суп из топора или хитроумный план по захвату мира.


А самое хорошее в этом котелке, что он всегда отдаёт больше, чем в него вложено - главное, не забывай помешивать, и ты никогда не останешься голодным, а если вдруг каша начнёт бесконтрольно заливать улицы твоего города, то просто скажи ему: «Котелок, не вари!».

- Работает эффективнее, когда слышит урчание живота.",12,25,27,бронза «Орихалк»,All Hallows Eve,2222,https://vk.com/market-210844550?w=product-210844550_8735926
0003,Магическая шляпа,"Это не та шляпа, что поёт гимны и распределяет учеников по факультетам, да и меч Годрика ты из неё вряд ли достанешь. Но кое-что интересное в ней всё-таки есть. И нет, это не кролик. Внутри этого Макгаффина дремлет редчайшая история, готовая пробудиться лишь в миг наивысшей опасности. Шанс? 50/50. Рискнёшь узнать, кто ты на самом деле? Ведь если сработает, ты этого никогда не забудешь. Ты станешь не просто наблюдателем, а главным героем собственной саги.

Но на всякий случай, если собрался в Запретный лес, прихвати фонарь, пару надёжных друзей, а ещё лучше - дробовик.",12,36,32,бронза «Орихалк»,All Hallows Eve,2222,https://vk.com/market-210844550?w=product-210844550_8736249
0004,Метла,"Вечно не успеваешь и постоянно опаздываешь. Будильник не помогает, тайм-менеджмент - пустая трата времени? Забудь об этом! Тебе нужна метла. Да-да, самая настоящая метла. Только не для полётов, хотя…
В общем, как только поймёшь, как эта штука работает, весь мир вокруг как будто замедлится. И время начнёт играть по твоим правилам. Зачем куда-то гнать, если можно самому задавать темп?
Кто сказал, что мётлы пригодятся только для полётов или уборки?",10,68,8,бронза «Орихалк»,All Hallows Eve,2222,https://vk.com/market-210844550?w=product-210844550_8736330
0005,Ведьма,"У тебя есть верный фамильяр, а готовить предпочитаешь в старом добром котле. Самолёты тебе ни к чему - ведь есть надёжная метла. И дождь тебе совсем не страшен, ведь широкие поля шляпы защитят от непогоды. Если это всё о тебе, то почему же этот Макгаффин всё ещё не в твоих руках? Не теряй времени, скорее забирай его и - вперёд, на шабаш!

Ночь темна, луна полна,а час ведьм уже настал!",25,56,40,бронза «Орихалк»,All Hallows Eve,3766,https://vk.com/market-210844550?w=product-210844550_8736517
0006,Тыква - светильник Джека,"История Джека, дважды обманувшего дьявола, должно быть, известна каждому. Он выторговал себе неприкосновенность души, проявив недюжинную хитрость. А теперь представь, что эта хитрость окажется у тебя под рукой. Да-да, этот Макгаффин наделён способностью помочь тебе избежать неприятностей, подобно тому, как это сделал сам Джек. Поговаривают, он действует безотказно… По крайней мере первые два раза.

P. S. Совсем забыл сказать, срабатывает только в канун Дня всех святых.",16,32,22,"бронза «Орихалк», меднение",All Hallows Eve,2882,https://vk.com/market-210844550?w=product-210844550_8736633
0007,Призрак,"Ууу-ууу-уууу
- Страшно? Не бойся, это самое лучшее привидение в мире, хоть и без моторчика. А самое приятное, что оно не стонет по ночам, не гремит цепями и не пугает соседей.

И ты, наверное, подумаешь: ну и зачем тогда оно нужно?
- А вот зачем. Это особенное, атмосферное привидение, созданое чтобы привнести нотку загадочности в любой момент. Оно окутывает всё вокруг лёгкой дымкой мистики, превращая обыденное в незабываемое.

Почему ты до сих пор ждёшь? Хватай, пока не улетело",7,37,20,белая бронза «Нимиль»,All Hallows Eve,1888,https://vk.com/market-210844550?w=product-210844550_8736782
0008,Летучая мышь,"Этот Макгаффин живой!

Ну, то есть когда-то был. Сейчас он скорее напоминает памятник летучей мыши, застывшей между жизнью и... э-э... её отсутствием. Но не торопись списывать его со счетов. Настоящий колдун или ведьма знает, что любая «мертвость» - дело поправимое. Немного магии, пара слов на древнем наречии, и - вуаля! - он снова хлопает крыльями.

И вот тут начинается самое интересное. Если тебе удастся его оживить, он станет твоим самым верным фамильяром. А ещё, говорят, он знает кучу тайн, секретов и всякого такого, что знать смертным не положено. Конечно, за эти знания придётся что-то предложить взамен. Частичку души? Рассудок? Шоколадку? Уж тут как договоритесь.

Так что думай быстрее. Может, это именно тот, кого тебе так не хватало?",9,35,45,"белая бронза «Нимиль», самоцвет «Родолит»",All Hallows Eve,2999,https://vk.com/market-210844550?w=product-210844550_8737037
0009,"Чёрт, или бес","Из бездны, где царит вечное пламя и отчаяние, приходит ОН. Не жди от него фокусов с дымом и искрами, как от какого-нибудь джинна. Это нечто большее. Сила, способная исполнить любое твоё желание. Но помни: всё имеет свою цену. В данном случае - твою бессмертную душу. Но есть одна лазейка. По крайней мере, ходят слухи, что рыжим бояться нечего…",16,45,45,"белая бронза «Нимиль», самоцвет «Гранат»",All Hallows Eve,3666,https://vk.com/market-210844550?w=product-210844550_8737059
0010,Месяц безумия,"Этот лунноголовый Макгаффин – словно вышедший из детской считалочки, от которой у бывалых авантюристов глаза начинают метаться в поисках ближайшего выхода:

Вышел месяц из тумана,
Вынул ножик из кармана.
Буду резать, буду бить -
Всё равно тебе водить!

Звучит не очень-то миролюбиво. Но не волнуйся, этот артефакт совсем не жуткий. Он скорее про… скажем так, «дипломатическое урегулирование». Способен повернуть любой конфликт в сторону мира и согласия. Так что, если тебе нужно с кем-то о чём-то договориться, возьмите его с собой. Вдруг сработает? А если нет, то хотя бы будет о чём поговорить.",7,44,25,бронза «Орихалк»,All Hallows Eve,1999,https://vk.com/market-210844550?w=product-210844550_8737088
0011,Гроб,"Вот и последний гвоздь в хэллоуиновскую коллекцию.

Это не просто гроб. Он скрывает нечто действительно интересное. Второе имя этого Макгаффина - ""Дружба до гроба"", и он как раз об этом.

Внутри спрятаны 10 маленьких черепков. Суть проста: ты можешь подарить черепок кому-то важному, а гроб оставить у себя. Этот жест станет символом вашей связи, которая выдержит любые испытания - будь то расстояние, время или даже мелкие бытовые разногласия.

Я создавал этот предмет с особым вниманием, надеясь, что он станет не просто частью коллекции, а чем-то действительно значимым для тебя.",36,66,24,"бронза «Орихалк», белая бронза «Нимиль»",All Hallows Eve,4666,https://vk.com/market-210844550?w=product-210844550_8737148
0012,Кот в сапогах,"Собственно, Макгаффин в виде Кота в сапогах. Когда я копался в нарративе этой сказки перед тем, как создавать артефакт, то обнаружил кое-что интересное.

Сюжет сказки оказался намного древнее, чем можно подумать. Структура истории, в которой бедняк с помощью животного-помощника женится на дочери короля, визиря или хана, да ещё получает полцарства в придачу, встречается в разных культурах по всему миру.

В сказках меняются животные-помощники, титулы правителей и бытовые детали, отражающие особенности общества. Меняется и хозяин замка, которого побеждает помощник. В более древних версиях это тролль или змей, особенно популярные у северных народов.

Но неизменным остаётся одно: победа над чудовищем, после которой следует заслуженная награда. Обычно сказка заканчивается словами: «И жили они долго и счастливо». Однако в некоторых версиях (например, английской или занзибарской) финал дополнен ещё одним сюжетным элементом - проверкой: действительно ли герой заслужил свои блага.

Особенно интересно, что испытание наступает уже после того, как герой становится богачом. Когда новоиспечённый владелец полцарства купается в роскоши, животное-помощник (будь то кот, лиса или газель) заболевает и умирает (или притворяется мёртвым, как в итальянской, австрийской и венгерской версиях). Иногда хозяин, забыв, кому обязан своим успехом, равнодушно приказывает избавиться от тела. Тогда слуга, знающий о хитростях животного, или само животное восстаёт, чтобы напомнить герою о его долге.

В английской версии герой осознаёт свою ошибку, исправляется и продолжает жить счастливо. А вот в занзибарской версии, если человек проявляет неблагодарность, все его богатства исчезают, и он возвращается к своей бедной жизни.

К чему всё это? Этот Макгаффин станет животным-помощником в твоём главном стремлении на текущий момент. Будь то свадьба с принцем или принцессой, сдача ЕГЭ (его же ещё не отменили?) или получение отличной работы.

В общем, ты понял: главное - не забывай уважать своего помощника! Ах да, работает только один раз. Поможет тебе в текущем стремлении, а дальше - справляйся сам.",12,44,25,"бронза «Орихалк», шпинель",Exlibris,3377,https://vk.com/market-210844550?w=product-210844550_8832154
0013,Ключ от Эребора,"Ключ от заветной мечты.
Остаётся лишь найти нужную дверку!

Макгаффин прямиком из экранизации Питера Джексона 'Хоббит'.",5,45,18,белая бронза «Нимиль»,Exlibris,2400,https://vk.com/market-210844550?w=product-210844550_8832190
0014,Дверка хоббита,"У Толкина в произведениях много Макгаффинов, но мне нравится именно этот.
Артефакт в виде дверки хоббита всегда вернёт своего хозяина домой, в каком бы трудном путешествии он ни оказался.",24,46,28,"бронза «Орихалк», белая бронза «Нимиль»",Exlibris,3900,https://vk.com/market-210844550?w=product-210844550_8832220
0015,Дракончик,"Что делают драконы? Обычно сидят на грудах золота в своих пещерах, изредка закусывая зазевавшимися воришками. Наш дракончик, к счастью, не такой кровожадный. Страха и трепета он не внушает, зато вызывает сильное чувство мимимишности и желание угостить его печенькой. Но не стоит его недооценивать! Он вполне способен стать отличным охранителем твоих ценностей.

И даже если карманы давно пусты, а кошелёк потерян, дракончик всё равно окажется полезен. Он поможет раскопать твои внутренние скрытые сокровища - твои таланты. В конце концов, умение с невинным видом объяснить кондуктору, что ты «не в ту дверь вошёл», - тоже талант. И, знаете, порой это оказывается полезнее любых денег.",10,35,25,"белая бронза «Нимиль», самоцвет «Аметист»",Zodiac,3490,https://vk.com/market-210844550?w=product-210844550_8832238
0016,Золотая антилопа,"Этот капризный Макгаффин обожает сиять! Чем ярче блестит его золотая шкурка, тем больше щедрых подарков он приносит своему владельцу. Забудешь про полировку - потом не жалуйся!

P.S. Смотри в оба с этим артефактом! Если что - стоп-слово: «Довольно!»",8,42,18,бронза «Орихалк»,Exlibris,2666,https://vk.com/market-210844550?w=product-210844550_8832259
0017,Клевер,"Я всегда считал, что нет ничего важнее в жизни, чем удача. И чем дольше я живу на этом свете, тем больше убеждаюсь в этом!
Перед тобой одна из форм воплощения удачи в Макгаффине. Всё, что тебе нужно знать о нём: чем больше будет владельцев этого артефакта, тем больше лучей добра и везения будет проливаться на их судьбу и судьбу окружающих их людей.

Всем, кто хочет поймать удачу за хвост, лучше иметь этот Макгаффин при себе.",6,35,25,"бронза «Орихалк», вставка Хризопраз, эмаль",Lucky items,3333,https://vk.com/market-210844550?w=product-210844550_8841973
0018,Кости,"Когда кончается игра в три кости,
То проигравший снова их берёт,
И мечет их один в унылой злости,
Другого провожает весь народ…
(Данте Алигьери, «Божественная комедия»)

У меня есть только два кубика, но зато каких! Тяжёлы, изготовлены из сплава Нимиль, а значит, прослужат ещё не одно тысячелетие.
Их историю я точно не помню, но одно знаю наверняка: они всегда привлекают удачу. Когда я играл этими костями, то каждый раз выходил победителем.
- Пусть и тебе повезёт!",50,16,16,белая бронза «Нимиль»,Lucky items,3636,https://vk.com/market-210844550?w=product-210844550_8887774
0019,Мимик,"Похожая тварь чуть не лишила меня рук!
И чтобы с тобой не случилось чего подобного, я сделал этот Макгаффин.
Главный его сюжет в том, чтобы ты мог распознать любого самозванца, прикинувшегося кем-то, или чем-то другим, и не попасть в его ловушку.

- Спасёт тебя от лже-коучей, инфоцыган, телефонных-мошенников и прочих самозванцев!",17,34,22,бронза «Орихалк»,Alchimia,2780,https://vk.com/market-210844550?w=product-210844550_8887777
0020,Крампус,"С учётом того, что творится в мире, я сильно сомневаюсь, что в этом году нас обрадуют подарками, хорошо ещё, если не засунут в холщовый мешок и не утащат куда-нибудь в пещеру.
- Чтобы с тобой этого не случилось, обязательно приобретай этот Макгаффин в виде Крампуса!

Не знаешь, кто это такой? Сейчас расскажу!

Перед Рождеством, в канун дня Святого Николая, Крампус сопровождает своего хозяина (собственно Св. Николая), пугая и наказывая непослушных детей.
Хотя Крампус и является помощником Санты, он не раздает подарки, а похищает непослушных детей. Когда Крампус находит капризного ребенка, он наказывает его розгами, может посадить на цепь, а самых плохих, он засовывает в мешок и уносит плачущее чадо в пещеру, предположительно, чтобы съесть на рождественский ужин.

Макгаффин в виде фигурки Крампуса дарует тебе индульгенцию от наказания, даже если ты очень плохо себя вёл в этом году)!",16,40,30,"белая бронза «Нимиль», эмаль",Baby dream,2999,https://vk.com/market-210844550?w=product-210844550_8906175
0021,Свитерок,"В это тяжёлое время хочется укутаться во что-то тёплое, мягкое и забыться. Этот Макгаффин как успокоительное - поможет тебе отвлечься от дурных мыслей и подымет настроение!",12,35,30,"белая бронза «Нимиль», эмаль",Baby dream,2772,https://vk.com/market-210844550?w=product-210844550_8906181
0022,Сани Санты,"Макгаффин в виде транспортного средства самого Санты.

Вещь крайне ценная, способная решить проблему нехватки времени.

Представь: ты целый год беззаботно попиваешь какао, хрустишь печеньками и с видом знатока раздаёшь эльфам ""ценные советы"", пока они делают всю работу. И вдруг наступает тот самый день Х. Теперь за несколько часов тебе нужно выполнить то, на что нормальным людям потребовались бы месяцы.

– Что делать?! – спросишь ты в панике.

А я тебе отвечу: Сани Санты - лучшее решение для быстрых дел! Этот Макгаффин поможет разгрести все твои ДЕДлайны за пару часов.

P.S. Но помни, подобные Макгаффины активируются только в канун праздников.",10,48,13,"белая бронза «Нимиль», эмаль",Baby dream,3434,https://vk.com/market-210844550?w=product-210844550_8955264
0023,Жёлтая субмарина,"Для тех, кто чувствует, что жизнь отправила их на самое дно, не бойтесь - спасение уже в пути, и это жёлтая подводная лодка!

Вдохновлённая великим гимном оптимизма от «The Beatles», эта субмарина осветит самые тёмные глубины души, и настроит жизнь на волну любви, гармонии и, конечно, немного психоделической радости.

С этим Макгаффином ты сможешь окунуться в новый смысл существования, даже если тебе кажется, что всё вокруг - лишь бурлящая лавина проблем.

– All aboard the Yellow Submarine! Ведь даже из глубин можно вернуться на поверхность, humming your favorite tune.

P.S. Помни: как сказал Джон Леннон, ""Всё, что тебе нужно, - это любовь... ""
Хотя он также говорил: «Я – морж», так что давай не будем слишком доверять его мудрым изречениям.",21,35,39,"бронза «Орихалк», эмаль, стекло",Lucky items,5900,https://vk.com/market-210844550?w=product-210844550_9111180
0024,Малыш Ктулху,"Перед тобой не сам Великий Ктулху, но его отпечаток, запечатлённый в этом милом идоле, отлитом из ""Нимиля"" и инкрустированном агатом и цирконом. В этом Макгаффине заключён осколок сознания Древнего, но не та часть, что стремится разрушить тонкую ткань твоего рассудка. Напротив, он оберегает сон от кошмаров и нежелательных ночных сущностей, словно шепча:
«Твой мир - лишь один из миллиардов, и ты волен сновидеть о любом из них».",7,32,14,"белая бронза «Нимиль», агат, циркон",Baby dream,3666,https://vk.com/market-210844550?w=product-210844550_9155145
0025,Лего Мандалорец,"Этот Макгаффин предназначается для детей, которые выросли и попали в суровый взрослый мир с голодом, войнами, потерями и лишениями. Этот артефакт поможет своему обладателю пройти через все испытания, при этом не зачерстветь и не лишиться внутреннего ребёнка, искреннего и доброго!",50,68,30,белая бронза «Нимиль»,Futurism,6900,https://vk.com/market-210844550?w=product-210844550_9213779
0026,Суровый кролик,"Бдительный взгляд, чуткие уши, готовность к действию - вот что отличает этого кролика. Он - воплощение осторожности в мире, где каждый шаг может стать решающим. Он подскажет, как сохранить храбрость, когда вокруг неспокойно, и как быть бережливым, когда жизнь благосклонна.",13,42,20,"белая бронза «Нимиль», кварц, гранат",Zodiac,3999,https://vk.com/market-210844550?w=product-210844550_9213816
0027,Коренной зуб,"Моль точит тряпьё,
Червь разъедает плод,
Крыса корень грызёт
Каждому свой черёд.

Волк от боли скулит,
В чащи ревёт медведь.
Зуд отступает, боль спит -
Зуб перестал болеть.


Макгаффин прямиком со страниц турецкого медицинского трактата XVIII века.",12,36,13,белая бронза «Нимиль»,Alchimia,3434,https://vk.com/market-210844550?w=product-210844550_9255702
0028,Сердце,"Подарок для тех, кто хочет… ну, скажем так, выразить невыразимое. Предполагается, что он связан с сердечными делами, но как именно - большой вопрос. Инструкция, если верить слухам, потерялась где-то между страницами «Декамерона» и «Молота ведьм», а техническая поддержка ушла на пенсию ещё во времена, когда рыцари сражались с драконами.

Зато выглядит этот Макгаффин эффектно, а уж если вручать его с выражением лица, будто вы только что прочитали сонет Шекспира, - уффф.

По слухам, у него два режима работы: «поиск себя» - для тех, кто ещё в пути, и «сердечное рабство» - для тех, кто уже нашёл своё солнце и хочет заточить его в свои нежные силки.",7,32,18,"белая бронза «Нимиль», эмаль, кубик циркона",Amore,3838,https://vk.com/market-210844550?w=product-210844550_9272085
0029,Купидон,"Купидон, Амур, Эрос, Кама. Не суть. Точнее, суть одна и та же, и если тебе знаком хоть один из этих божков, то ты наверняка догадался, в чём соль этого Макгаффина.

Этот артефакт даёт своему владельцу +к обаянию. Он сочетает в себе желание, влечение и привязанность в один мощный коктейль. Чем это закончится? Ну, зависит от того, кто его пьёт. Но одно можно сказать точно: ты не останешься незамеченным.

PS:
Макгаффин - это всего лишь намёк, поветрие, так что не жди от него ничего серьёзного. Для настоящей любви придётся приложить усилия.
А если ты хочешь богатую, умную и красивую половинку... Ну, удачи, друг!",22,45,37,белая бронза «Нимиль»,Amore,2440,https://vk.com/market-210844550?w=product-210844550_9291679
0030,Вездесущий кот,"Это не совсем Макгаффин, а лишь его заготовка. Но не думай, что он хуже других моих артефактов. В каком-то смысле он даже лучше! Ведь ты сам можешь заложить в него тот смысл, который захочешь. Конечно, есть нюансы), но я предусмотрел все меры предосторожности, максимум, что может пойти не так, он просто не будет работать.
В целом, инструкция простая, артефакт работает как хранитель желаний. Берёшь кошачью морду и нашёптываешь на ушко всё, что ты хочешь. Чем больше будет желаний, тем лучше, может, что-нибудь из них и сбудется. Но я ничего не гарантирую, тут всё очень индивидуально.",8,45,27,бронза «Орихалк»,Alchimia,2222,https://vk.com/market-210844550?w=product-210844550_9328629
0031,Кошачья лапка,"Для сильных и независимых (без тени иронии!) создан идеальный Макгаффин - кошачья лапка.

Этот артефакт не учит рычать, чтобы распугивать, или мягко мурчать, чтобы угождать. Вместо этого он дарует силу быть собой - уверенной, цельной, не зависящей от чужих взглядов и оценок. Это надежная опора для вашей внутренней силы и уверенности в себе.",2,25,10,"белая бронза «Нимиль», шпинель",Amore,2880,https://vk.com/market-210844550?w=product-210844550_9349136
0032,Некрономикон,"Этот Макгаффин хранит в себе такие тайны, что лучше тебе и не знать! Хорошо, что никто из ныне живущих не может прочитать эти письмена.
И пусть всё так и остаётся.",23,25,20,бронза «Орихалк»,Exlibris,4666,https://vk.com/market-210844550?w=product-210844550_9385820
0033,Башмак лепрекона,"Как известно, лепреконы башмачных дел мастера. И именно на изготовлении туфелек для фей (и, поговаривают, для очень привередливых гусениц-модниц) они и разбогатели. Не веришь? Ну и пусть, это не отменяет того факта, что мастера они отменные, конечно, когда трезвы...
Перед тобой Макгаффин - точная копия башмака лепрекона. И если ты часто путешествуешь или просто много ходишь, то этот артефакт точно для тебя! Он принесёт удачу в пути, каким бы тернистым он ни был.",5,27,17,"бронза «Орихалк», эмаль",Lucky items,3333,https://vk.com/market-210844550?w=product-210844550_9417969
0034,Шляпа лепрекона,"Наверное этот Макгаффин по удаче даст фору самому клеверу!
Владея этим артефактом, ты точно станешь любимчиком фортуны, или как минимум у тебя появится возможность несметно разбогатеть. Тебе нужно лишь приманить этой шляпой лепрекона, потребовать с него выкуп в виде котелка с золотом, и вуаля - ты богач.

PS:
Если лепрекон будет предлагать тебе три желания, не соглашайся!",9,27,21,"бронза «Орихалк», эмаль",Lucky items,3333,https://vk.com/market-210844550?w=product-210844550_9430784
0035,Пеннивайз,"Этот Макгаффин - не просто отпечаток страха, застывший в самой ткани времени Дерри. Это ваш отпечаток. Эхо вашего детского крика, шепот, доносящийся из темного угла, отражение в луже, где вместо вашего лица - клоун с серебряными, пронзающими глазами. Оно живет в вашей памяти, цепляясь за самые уязвимые уголки души. Оно питается вашим страхом, растет на нём, становится сильнее с каждой забытой детской обидой, с каждым подавленным вами кошмаром. Обладание этим артефактом - не гарантия защиты. Скорее, это пропуск в тот самый мир, где ваши детские страхи оживают, где реальность искажается до неузнаваемости, а за углом, как всегда, может поджидать… Оно. Оно всегда ждёт.",18,40,20,белая бронза «Нимиль»,Exlibris,2666,https://vk.com/market-210844550?w=product-210844550_9497645
0036,Осколок Философского камня,"Ни одному из известных алхимиков так и не удалось создать устойчивую формулу философского камня. Зато, они оставили после себя огромное количество осколков. По стечению обстоятельств парочка таких досталась и мне. Перед тобой Макгаффин изготовленный из такого осколка. Я поместил его в самую надёжную клетку, которая полностью отсекает любое возможное негативное влияние камня, но оставляет возможность пропускать все его полезные свойства, конечно, если они есть у данного осколка, тут как повезёт.
В любом случае ты ничего не теряешь! А если удача улыбнётся тебе, то выиграешь пару, а то и десяток лишних лет.",8,32,18,"белая бронза «Нимиль», эмаль, кварц",Alchimia,3777,https://vk.com/market-210844550?w=product-210844550_9497654
0037,Мышь полёвка,"Зёрнышко к зёрнышку - только так можно скопить запас на тяжёлые времена. Точно так же и в делах: небольшие, казалось бы, незначительные поступки приближают к великой цели. В этом ежедневном труде - ключ к успеху. А с этим Макгаффином даже рутина превратится в маленький праздник.",8,27,20,бронза «Орихалк»,Zodiac,2442,https://vk.com/market-210844550?w=product-210844550_10127692
0038,Огурчик,"Да, именно огурец - вот так неожиданно может проявиться удача в этом небольшом зелёном Макгаффине. Возможно, ты ожидал чего-то более впечатляющего, вроде подковы или клевера? Но в том-то и суть, что удача любит сюрпризы! Посмотри на него: свежий, словно только что с грядки, он вобрал в себя всю силу земли. Но не спеши прибегать к радикальным методам доктора Попова - здесь всё гораздо проще и естественнее. Этот Макгаффин работает без лишних ухищрений. Просто носи его рядом с собой, и всё, удача на твоей стороне.",11,37,10,"бронза «Орихалк», эмаль",Lucky items,2345,https://vk.com/market-210844550?w=product-210844550_10142598
0039,Кофеварка,"Лучший Макгаффин для всех тех, кто утром как зомби без своей дозы кофе.
- Зарядись его бодрящей энергией!",8,26,20,белая бронза «Нимиль»,Lucky items,3388,https://vk.com/market-210844550?w=product-210844550_10174597
0040,Бендер,"А где блестящий металлический зад? Спросишь ты… О, это долгая история, связанная с квантовым туннелированием, мутировавшими белками и случайным попаданием в четвертое измерение! Но поверь мне, этому Макгаффину он и не нужен, ведь он и так великолепен! Он настолько великолепен, что даже профессор Фарнсворт не смог бы измерить его великолепство! И ты точно не сможешь обойтись без него, если захочешь построить свой лунопарк с блэкджеком и… ну, ты понял.",5,25,11,"белая бронза «Нимиль», меднение, шпинель",Futurism,3024,https://vk.com/market-210844550?w=product-210844550_10208271
0041,Летающий макаронный монстр,"Ты истинный пастафарианец?
- Тогда почему у тебя всё ещё нет этого Макгаффина?
Нужно срочно приобрести себе и всем близким по Символу веры!",22,44,33,"бронза «Орихалк», шпинель",Futurism,3737,https://vk.com/market-210844550?w=product-210844550_10254075
0042,Билл,"Всем, кто смотрел «Gravity Falls», посвящается - великий и ужасный Билл Шифер.
Но не беспокойся, этот Макгаффин не попытается завладеть твоим разумом и установить свою тёмную власть над миром, ведь он безопасный (на 99,9%), можно сказать, что это светлый Билл.
В общем, этот жёлтый треугольник должен помочь тебе решить любую головоломку, от кроссворда до мирового кризиса. Держи БИЛЛа рядом, и у тебя всегда будет «шестое чувство», которое подскажет верное решение.

Но на ночь лучше всё-таки спрятать подальше… Просто на всякий случай.",6,50,30,"белая бронза «Нимиль», эмаль",Baby dream,3666,https://vk.com/market-210844550?w=product-210844550_10274544
0043,Вещь,"Вещь. Сия… необычная конечность - истинная ""рука"" помощи. Внешность её, возможно, и вызывает легкое недоумение или даже… трепет, но потенциал поистине безграничен. От деликатной подачи предметов до виртуозных пальчиковых пассажей - Вещь незаменима.",8,40,18,бронза «Орихалк»,All Hallows Eve,2266,https://vk.com/market-210844550?w=product-210844550_10294313
0044,Бензопила,"В эти зловещие времена, когда мертвецы выползают на прогулку, а дьявол дирижирует симфонией смерти, есть только один верный друг, который не подведёт. Твоя правая рука... ну, точнее, то, что от неё осталось - БЕНЗОПИЛА!

Забудь про молитвы и надежду на чудо, дружок. Когда вокруг полный хаос и безумие, тебе нужно что-то с зубами, что-то, что работает на бензине и гневе. Нет, этот Макгаффин не обещает тебе райские кущи, но, чёрт возьми, он обеспечит тебе головокружительное турне по аду.

Так что бери эту красотку, заводи с одного рывка и покажи всей этой нежити, кто здесь король кровавых бань.

Hail to the king, baby!",8,52,12,белая бронза «Нимиль»,All Hallows Eve,2626,https://vk.com/market-210844550?w=product-210844550_10316169
0045,Саркофаг с мумией,"Тем, кто слышит шёпот извне и чувствует холодок, будто кто-то забыл закрыть окно в другое измерение, защита, как ни крути, нужна. И если границы привычного мира для вас стали… как бы это помягче сказать, не совсем герметичными, то вам нужен не просто какой-нибудь там Макгаффин, а полноценная «охранная грамота», подтверждающий ваше право находиться… где бы вы ни находились. Саркофаг - он как виза в параллельную реальность, с печатью, по слухам, лично Анубиса. Носишь его - значит, с точки зрения тамошних инстанций, ты «легитимный», и никто не будет задавать лишних вопросов.
А мумия внутри? А она как… ну, как очень опытный консультант по вопросам межпространственного перемещения. Шепнет, если кто-то на вас неправильно посмотрит, где надо подмигнёт, чтобы всё прошло в рамках закона, и, в крайнем случае, даже разгонит самых назойливых сущностей, если что-то пойдёт совсем уж не по плану.
Хотя, конечно, гарантий никто не даёт.",18,62,18,"бронза «Орихалк», эмаль, полимер «Терракот»",All Hallows Eve,6900,https://vk.com/market-210844550?w=product-210844550_10370830
0046,Скелет в шкафу,"У тебя есть страшный секрет, о котором никто не знает? Потерял покой из-за того, что он может всплыть на поверхность?
- Тогда «Скелет в шкафу» - это именно то, что нужно тебе! Владея им, ты сможешь надежно уберечь свои тайны от нежелательных взглядов и любопытных ушей.
Главное правило: не давай этот Макгаффин никому и держи дверцы шкафа плотно запертыми, чтобы навсегда оставить свои секреты скрытыми от посторонних!

Обретая этот Макгаффин, ты обретаешь спокойствие!
________________________________________________________

Скелетик состоит из 15 подвижных деталек с изысканной детализацией, где толщина пальчиков составляет 0,5 мм. И да, они не объединены в единую «варежку» - каждая косточка отделена. В общем, ювелиры должны оценить)

Я всегда мечтал о таком предмете: небольшом подвижном анатомическом скелете. Но за всё это время мне так и не удалось найти идеальный экземпляр. Если скелетик был небольшим и подвижным, то он чаще всего выглядел как дешевая карикатура. Если же он был детально проработанным, то, как правило, лишался подвижности или имел крупные размеры. Так что, в конечном итоге, я решил создать свой собственный. И, конечно же, как поклонник литературных изысков, я не мог остаться равнодушным к идиоматическому выражению «Скелет в шкафу». Поэтому этот Макгаффин продается только комплектом, и его стоимость соответствует его уникальности. Но поверьте, он того стоит!",7,72,16,"бронза «Орихалк», полимер «Терракот»",All Hallows Eve,6600,https://vk.com/market-210844550?w=product-210844550_10395274
0047,Избушка на курьих ножках,"Избушка - мощевик, содержащий в себе кусочек иного мира. Её лапы, словно скрюченные пальцы мертвеца, цепляются за нашу реальность, едва удерживая её на грани яви и сна. От неё веет могильным холодом, проникающим до костей. Внутри, за скрипучей дверью, царит смрад тлена и запустения. Рядом с этим артефактом сама ткань реальности истончается, пропуская в наш мир дыхание иного мира.

Путешественник, обладая этим Макгаффином, может ожидать помощи и подсказок в своём нелёгком пути. Но нужно помнить, что любая потусторонняя помощь может легко завести тебя в мир страшных сказок для взрослых!",21,55,35,бронза «Орихалк»,Exlibris,4400,https://vk.com/market-210844550?w=product-210844550_10440889
0048,Жёлтый знак,"Этот макгаффин хранит тайны Короля в жёлтом.
Артефакт предназначен только для жрецов этого безумного божества. И если ты не являешься его последователем, то лучше оставь этот знак в покое. Его сила скрыта от простых смертных, а попытка разгадать его тайны может быть смертельной.
Владение Жёлтым знаком открывает путь к безумию, прямиком в кошмарные миры Хастура, и, если ты не готов к схождению с ума, лучше всего останься в стороне.",7,32,23,"бронза «Орихалк», эмаль",Exlibris,2400,https://vk.com/market-210844550?w=product-210844550_10487991
0049,Монограмма Толкина,"Для меня монограмма Толкина - это не просто красиво скомпонованные инициалы профессора, это попытка выразить всю глубину и красоту Средиземья в одном знаке.

Этот макгаффин, словно магический шифр, заключающий в себе эссенцию языков и культур Арды. Каждая линия, каждый изгиб этого иероглифа, несет в себе не просто отголоски квенья, синдарина, кхуздула, но и саму душу этих языков, их мелодию, их ритм, их мистерию.

Я бы хотел, чтобы и ты, вглядываясь в эту монограмму, услышал эхо эльфийских напевов, почувствовал мощь гномьих рун, ощутил дыхание древней магии.
Пусть этот знак станет для тебя личным порталом в Средиземье, ключом к твоим собственным воспоминаниям и переживаниям, связанным с этим волшебным миром.",10,50,23,белая бронза «Нимиль»,Exlibris,1777,https://vk.com/market-210844550?w=product-210844550_10518483
0050,Револьвер стрелка,"Этот кольт принадлежал последнему стрелку, тому самому, чьё имя шепчут ветра Срединного мира. И хотя этот револьвер давно не стреляет, а ствол его холоден, как могильный камень, он всё помнит. Помнит прикосновение руки, державшей его на пути к Темной Башне, помнит запах пороха и страха, помнит крики павших и лики смерти. Сага Стрелка давно окончена, но ее КА до сих пор бродит по этому миру, и этот макгаффин – словно его эхо, готовое зазвучать вновь в новых руках. Если ты ищешь свой КА-тет… что ж, может быть, именно этот кольт станет началом твоего собственного пути.",6,44,14,белая бронза «Нимиль»,Exlibris,2919,https://vk.com/market-210844550?w=product-210844550_10553498
0051,Красная шапочка,"Этот Макгаффин лучше всех защитит тебя от хитрых волков, встречающихся на твоём жизненном пути.

Детишкам маленьким не без причин
(А уж особенно девицам,
красавицам и баловницам),
В пути встречая всяческих мужчин,
Нельзя речей коварных слушать, -
Иначе волк их может скушать.
Сказал я: волк! Волков не счесть,
Но между ними есть иные
Плуты, настолько продувные,
Что, сладко источая лесть,
Девичью охраняют честь,
Сопутствуют до дома их прогулкам,
Проводят их бай-бай по темным закоулкам…
Но волк, увы, чем кажется скромней,
Тем он всегда лукавей и страшней!",30,53,30,"белая бронза «Нимиль», эмаль",Exlibris,4900,https://vk.com/market-210844550?w=product-210844550_10576437
0052,Котята в картонной коробке,"Этот трогательный макгаффин - не призыв к жалости, а свидетельство неугасающей силы жизни, способной пробиться даже сквозь самые мрачные обстоятельства. Ведь лучше ютиться в промокшей картонной коробке, с надеждой в сердце, чем оказаться в завязанном мешке на пути к реке… И пока есть свобода, есть надежда и смысл двигаться вперед.",14,40,30,бронза «Орихалк»,Baby dream,2777,https://vk.com/market-210844550?w=product-210844550_10602222
0053,Ракета,"От первых экспериментов Циолковского и смелых запусков Королёва до современных амбициозных проектов освоения Марса ракета всегда была воплощением научного прогресса и стремления разгадать тайны Вселенной. Этот Макгаффин не позволит забыть, что границы существуют лишь в нашем воображении, и, как однажды сказал Карл Саган, «где-то ждет своего часа нечто невероятное». Пусть эта красная ракета вдохновляет тебя на собственные открытия - большие и маленькие.",10,36,15,"белая бронза «Нимиль», эмаль",Futurism,3444,https://vk.com/market-210844550?w=product-210844550_10663678
0054,Золотой унитаз,"Не просто сантехника, а алхимический сосуд, способный превратить любое… ну, скажем, «содержимое» в чистое золото (метафорически выражаясь, конечно).

Смывайте груз прошлого, смывайте тревоги настоящего, смывайте всё, что мешает вам сиять. Этот макгаффин – ваш путь к новому, более чистому «Я»… ну, или хотя бы к более легкому.",9,33,17,бронза «Орихалк»,Lucky items,3999,https://vk.com/market-210844550?w=product-210844550_10663689
0055,Гитара,"Если ты знаешь, что такое Fender, пытался повторить риффы Хендрикса и согласен с фразой Курта Кобейна: «Музыка - это не просто ноты, это способ выпустить наружу всё, что накопилось внутри», то этот Макгаффин твой по праву, ведь он - воплощение души музыки. Каждое прикосновение к струнам этой гитары - как магия: неслышимые аккорды раскрывают ритм твоей жизни, а невидимые вибрации гармонизируют его с окружающим миром.",10,70,20,"белая бронза «Нимиль», эмаль, струны латунь",Lucky items,4300,https://vk.com/market-210844550?w=product-210844550_10663690
0056,Мандрагора,"Давно мечтал о собственной мандрагоре?

- Тогда это твой шанс! У меня как раз есть парочка ростков.

Сразу скажу, рецепта по уходу не прилагается. Пульс у растения не прослеживается. Но на всякий случай контактировать рекомендуется в берушах.

- Чего же ты ждёшь? Хватай, пока не разбежались!",5,44,24,"бронза «Орихалк», эмаль",Alchimia,1777,https://vk.com/market-210844550?w=product-210844550_10682318
0057,Тихоходка,"Это танк среди макгаффинов. Выносливость этого парня поражает: он как мудрый монах, двигается медленно, но уверенно идëт к своей цели. 'Тише едешь, дальше будешь' – девиз этого космического медведя.
С таким макгаффином можно пережить любые трудности!",12,40,14,"бронза «Орихалк», шпинель",Beast,1888,https://vk.com/market-210844550?w=product-210844550_10711678
0058,Водолазный шлем,"С этим Макгаффином тебе не страшны ни глубинные чудовища бессознательного, ни водовороты навязчивых мыслей, ни даже бездонные пропасти экзистенциальных вопросов.
Теперь погружение в глубины своего «Я» - гарантированно безопасное!",10,36,18,"бронза «Орихалк», медь",Lucky items,3456,https://vk.com/market-210844550?w=product-210844550_10748534
0059,Колодец,"Загляни… Какой из них шепчет твое имя?

«Колодец Желаний», что воплотит твои мечты в жизнь, или, быть может, «Колодец Знаний», чтобы окунуться в глубины мудрости?
А может, тебя манит «Колодец Грёз», где каждая капля - источник вдохновения.
Всё это лишь догадки. Истинная природа Колодца откроется лишь тому, кто осмелится заглянуть в его глубины.

Лишь бы он не оказался «Колодцем Слёз»… Хотя кто знает, какие сокровища таятся на его дне?",6,37,17,"бронза «Орихалк», серебро",Lucky items,2833,https://vk.com/market-210844550?w=product-210844550_10778237
0060,Совунья,"Наимудрейший Макгаффин, с ним ты, подобно древним философам, размышляющим в тени маслин, сможешь созерцать мир идей - Эйдос.
Взгляд этой Совы пронизывает и видит все закоулки твоих мыслей, помогает их структурировать и акцентировать внимание только на самых важных.",6,42,26,бронза «Орихалк»,Alchimia,2222,https://vk.com/market-210844550?w=product-210844550_10815237
0061,Фея - Слеза Леса,"Слеза леса – Макгаффин, где запечатлён сам дух воздуха. Этот артефакт является источником гармонии и жизненной силы леса. С его помощью можно восстановить связь с природой, обрести покой и умиротворение.

P.S. Есть небольшие побочные эффекты:

1) Возможна аллергическая реакция на пластиковые цветы.

2) Появляется желание даже в городе одеваться исключительно в камуфляж.

3) Возникает необъяснимая тяга к собиранию шишек.

4) Появляется перманентное желание обнять берёзку.

5) Носитель рискует начать понимать язык белок, а в тяжёлых случаях - и деревьев.

6) Есть вероятность ощутить себя истинным стражем леса, готовым грудью встать на защиту муравейника, секвойи или даже гигантской грибницы.

7) Возможно сильное желание привязать себя к дереву при виде дровосеков.

8) Вероятность использования слова «фотосинтез» в повседневной беседе возрастает экспоненциально.

9) В особо запущенных случаях носитель может начать требовать, чтобы его называли не иначе как «Владыка Зеленых Листьев» или «Страж Шелестящих Крон».",18,60,28,"бронза «Орихалк», смола, масло, воздух",Alchimia,4700,https://vk.com/market-210844550?w=product-210844550_10830776
0062,Краденое солнце,"Не стерпел
Медведь,
Заревел
Медведь,
И на злого врага
Налетел
Медведь.
Уж он мял его
И ломал его:
«Подавай сюда
Наше солнышко!»",13,65,25,"бронза «Орихалк», эмаль, халцедон",Exlibris,3200,https://vk.com/market-210844550?w=product-210844550_10868921
0063,И цзин,"Отличный способ скоротать время с друзьями, а может быть, даже заглянуть в будущее!

Как же работает «И цзин»?
- Задаём свой вопрос.
Крутим сферу (или можно подбросить, как монетку), смотрим, что выпадает. Стрелка на внутреннем круге указывает на вашу гексаграмму. Линии в гексаграмме располагаются одна над другой, начиная снизу (от стрелки).
После того как гексаграмма составлена, следует отыскать её номер в таблице. Для этого разделите её пополам и
найдите верхнюю часть среди триграмм, помещённых по
горизонтали, а нижнюю часть - по вертикали. В точке
пересечения - номер выпавшей вам гексаграммы. Теперь
остаётся лишь заглянуть в относящийся к ней пояснительный текст - толкование.
Как бы вы ни воспринимали предлагаемые толкования, рекомендуется учесть следующее:
1. Не задавайте «И цзину» один и тот же вопрос
повторно, даже если ответом вы не удовлетворены или он
кажется вам слишком мрачным.
2. В течение одного «сеанса» задавать по возможности
только один вопрос.
3. Если вам выпала гексаграмма под номером 3, 29, 39
или 47, ни в коем случае не расстраивайтесь, а примите во
внимание содержание в тексте рекомендации.
Читайте, играйте и гадайте на здоровье. И если даже
не предскажите судьбу, то наверняка заинтересуетесь «И
цзин», этой древней книгой, в которой неравнодушного
исследователя ждёт ещё много загадочного, сулящего, быть
может, великие открытия.

Таблицу и толкование прикрепил к посту:
https://vk.com/fabledbazaar?w=wall-210844550_5983",8,40,30,белая бронза «Нимиль»,Alchimia,4400,https://vk.com/market-210844550?w=product-210844550_10887536
0064,Ковёр,"Это Макгаффин - просто эссенция изысканности! Если уж ковёр задаёт стиль всей комнате, то представь, что он сделает с тобой. Этот ценный ковёр способен преобразить образ - что никто не сможет отвести от тебя взгляд, даже если ты находишься в пещере, полной сокровищ.",15,60,33,"белая бронза «Нимиль», эмаль",Lucky items,3800,https://vk.com/market-210844550?w=product-210844550_10957520
0065,Лепрекон,"На барахолке у антиквара мне попалась на глаза занятная вещица: маленький зелёный человечек в котелке, с тростью и трубкой. Просто забавная безделушка. Тогда мне так показалось. Но что-то в его хитром взгляде и эксцентричной позе заставило меня его купить.

И, знаете, случались странные вещи. Когда он был со мной, я чувствовал себя… как будто всё идёт по плану. Светофоры горели зелёным, сделки заключались легко, клиенты оставались довольны. Совпадения? Возможно. Но их было слишком много, чтобы просто отмахнуться.

Потом случилась авария. Лопнувшая шина, дерево… больница. Я не успел на самолёт, и у меня сорвалась, казалось, сделка всей моей жизни. Я был опустошён. Разочарован. В тот момент мне казалось, что всё это – глупая случайность, и никакой «магии» не существует.

И брелок куда-то пропал. Наверное, потерялся в суматохе, решил я тогда.

А потом… новости о крушении того самого самолёта.

Брелок я так и не нашёл.",15,49,20,бронза «Орихалк»,Lucky items,2333,https://vk.com/market-210844550?w=product-210844550_11015995
0066,Телега,"Готовь телегу зимой, а сани летом…

Этот же Макгаффин ждёт тебя всегда - в любое время года, при любых обстоятельствах. Будь то снегопад или весенний рассвет, он готов провести тебя сквозь пространство и время по дорогам памяти.

Проведи кончиками пальцев по шероховатой поверхности его бортов, и ты почувствуешь эхо прошлого. Скрип колёс, размеренный стук копыт, далёкое ржание лошадей и голоса тех, кто когда-то ехал по этим дорогам. Они расскажут тебе о дальних странствиях, о потерянных городах, о звёздах, что светили им так же, как и тебе сейчас.

Эта телега - живая нить, протянувшаяся сквозь время, связывает тебя с предками и их историями.",10,40,20,бронза «Орихалк»,Lucky items,1900,https://vk.com/market-210844550?w=product-210844550_11040696
0067,Розовые очки,"Когда серость и мрак нашего мира начинают давить, а яркие краски жизни теряются в тенях, не спеши прибегать к экстремальным методам, чтобы отвлечься. Вместо того чтобы утопать в бокале или теряться в мире галлюциногенных трипов, посмотри на мир сквозь розовые очки!

Этот Макгаффин не просто изменит цветовую гамму, он преобразит восприятие, придав миру нежную, светлую и простую окраску. С Розовыми очками все проблемы кажутся менее грозными, все стрессовые ситуации сглаживаются, словно ненужные мелочи. Розовые очки - это безопасный путь в мир фантазий и радужных мечтаний, где всё возможно.

- Иногда побыть простым дурачком куда практичнее, чем грустить и переживать обо всем на свете!",5,30,10,"белая бронза «Нимиль», эмаль",Lucky items,2880,https://vk.com/market-210844550?w=product-210844550_11082376
0068,Астронавт,"Хьюстон, у нас проблема'?
- Не с этим артефактом в руках - это решение твоих проблем. 'Астронавт' станет идеальным спутником в твоей космической одиссее, где каждый контакт станет приглашением исследовать неизведанное.
И если твоё кредо звучит как - 'Бесконечность не предел!', то космос для тебя точно не последний рубеж! А значит ты готов стать хозяином этого Макгаффина, ведь с ним даже самый маленький шаг, станет гигантским скачком.
- Ну что, Поехали?",8,42,14,"белая бронза «Нимиль», адуляр",Futurism,2700,https://vk.com/market-210844550?w=product-210844550_11122370
0069,Летающая тарелка,"Чувствуешь, что не с этой планеты? Тогда этот космический странник прилетел за тобой! Он так долго блуждал по тропам вечной тишины, и вот, наконец-то, нашёл тебя!
Не жди, пока Маск достроит свою ракету до Марса - отправляйся в космическое приключение уже сейчас! Этот Макгаффин - лучший спутник для всех исследователей Галактики. Без этого артефакта открывать новые солнечные системы и покорять планеты просто невозможно! Он станет твоим навигатором в бескрайних просторах космоса.",28,40,35,"белая бронза «Нимиль», стекло, магнит",Futurism,4488,https://vk.com/market-210844550?w=product-210844550_11163818
0070,Фонарь,"Если ты знаком с легендой о Фаролеро, то уже понимаешь, что это за Макгаффин.

Его история - о принятии своих талантов, о том, что каждый человек способен найти своё истинное предназначение и наполнить жизнь смыслом, даже если путь этот кажется невозможным.

Пусть свет фонаря Фаролеро освещает и твою дорогу!",9,48,20,"бронза «Орихалк», смола, эмаль",Alchimia,3900,https://vk.com/market-210844550?w=product-210844550_11235458
0071,Нарсиль,"...пред мечом Элендиля трепетали и орки, и люди, ибо меч тот сиял светом луны и солнца и звался Нарсиль.

Что тут скажешь - это культовый Макгаффин, сильнейшее оружие Средиземья!

P.S:
- И да, осколки идут в комплекте.",5,67,24,белая бронза «Нимиль»,Exlibris,3900,https://vk.com/market-210844550?w=product-210844550_11261257
0072,Перст Саурона,"Облик Саурона был ужасен, а его руки черны, хотя и пылали подобно огню. И вот он на склонах Ородруина сразился с Гиль-Галадом и Элендилем, и оба они погибли, и когда пал Элендиль, его меч преломился под ним. Но и Саурон был повержен, и Исильдур обломком Нарсиля отрубил с руки Врага палец с Кольцом Всевластья...",9,46,13,бронза «Орихалк»,Exlibris,1701,https://vk.com/market-210844550?w=product-210844550_11287949
0073,Гном в бочке,"Этот Макгаффин поможет найти выход из любой, даже самой сложной ситуации, хотя и не всегда тот, который ты ожидал.
Порой придётся немного побыть в душной, вонючей темноте, но итог должен тебя порадовать!",28,40,20,бронза «Орихалк»,Exlibris,4280,https://vk.com/market-210844550?w=product-210844550_11317825
0074,Кристаллический меч,"В недрах земли, где спрятаны драгоценные дары, был выкован этот меч из кристалла мудрости. Это не оружие, но инструмент изменения и преображения. Его острие, как кремень, точит твой ум, отсекая лишнее и оставляя лишь истину. В его глубинах укрыты тайны, способные открыть перед тобой иные планы бытия. Как жаль, что камни не умеют говорить!

Но в любом случае, если ты захочешь избавиться от камня глупости в своей голове, то лучшего инструмента для этого просто нет.",17,77,33,"белая бронза «Нимиль», адуляр, кварц",Alchimia,3737,https://vk.com/market-210844550?w=product-210844550_11337383
0075,Маска Трикстера,"Во времена, когда ложь становится основой сознания, а мир погружается во владения бога обмана, Маска – это способ адаптироваться. Она дарует способность примерять на себя любую личину, разыгрывая нужную роль в этом театре теней.

Сочиненный из тьмы и коварства, этот Макгаффин наделяет властью над восприятием, позволяя манипулировать ходом событий, словно дёргая за ниточки невидимых кукол, внося смуту в ряды противников.

Но за эту силу приходится платить. Обретая Маску Трикстера, ты вступаешь на зыбкую почву, где добро и зло неотличимы друг от друга, а тьма готова поглотить тебя без остатка.",6,37,15,бронза «Орихалк»,Alchimia,1666,https://vk.com/market-210844550?w=product-210844550_11351733
0076,Велосипед,"Разорви цепи и сними все ограничения. Представь себе летний день, когда солнце пригревает спину, а ветер нежно треплет волосы.
С каждым оборотом педалей велосипед мчится по бескрайним полям, где золотистое солнце и свежий воздух приближают тебя к самой сущности свободы.
Этот Макгаффин возвращает к детским воспоминаниям о бесконечных приключениях, позволяет снова почувствовать тот дух свободы, который был с тобой всегда.",4,40,20,бронза «Орихалк»,Lucky items,3840,https://vk.com/market-210844550?w=product-210844550_11608283
0077,Маяк,"Твоя личная путеводная звезда, в смысле, фонарь, то есть - Маяк!

Он - надежда и ориентир во мраке, вечный страж, светящий из глубин времени. Его сияние преодолевает все невзгоды, пробиваясь сквозь самую густую тьму и показывая путь тем, кто заблудился.",25,60,18,"бронза «Орихалк», эмаль, агат",Lucky items,5560,https://vk.com/market-210844550?w=product-210844550_11737133
0078,Колесо прокрастинации,"Теперь не нужно оправдываться, почему ты ничего не сделал, больше никто не упрекнёт тебя в том, что ты лентяй, ведь твоей вины больше в этом нет, а есть Макгаффин! Он мастерски подскажет, как изящно отложить все дела и предаться настоящему искусству безделья.

Поверни его - и кто знает, куда тебя заведёт его мудрость. Может, пора пересчитать звёзды на потолке или заняться глубоким философским размышлением о смысле жизни (с закрытыми глазами на диване). Возможно, тебя ждёт важная миссия - срочно выпить ещё одну чашку кофе или вступить в дебаты с котом.

«Иногда самое лучшее, что можно сделать, - это ничего не делать».",12,41,27,белая бронза «Нимиль»,Lucky items,3742,https://vk.com/market-210844550?w=product-210844550_11855512
0079,Старец,"Выловленный из космической пустоты, этот древний реликт - крупица памяти о тех, кто был здесь до нас. Он сохраняет в себе толику мудрости первой земной расы, пронося через тысячелетия их историю восхождения и забвения.
Если ты не боишься стать хранителем этого Макгаффина, перед тобой откроются многие истины самих Старцев.

Я тоже прикоснулся к этой мудрости, воссоздавая этот артефакт, и готов поделиться тем, что понял:
'Иногда стоит прекратить создание нового, чтобы не потерять остатки старого.'
- Шёпот Старца.",17,38,15,"бронза «Орихалк», адуляр",Exlibris,3442,https://vk.com/market-210844550?w=product-210844550_11876036
0080,Малыш Хастур,"Всегда хотел притронуться к миру древних богов, но боялся сойти с ума или, что ещё похуже?
Милый идол Хастура решает эту проблему! Больше никакого страха или безумия.
С этим Макгаффином ты сможешь наслаждаться всеми привилегиями адепта Жёлтого короля, не рискуя своей душевной целостностью.",7,33,17,"бронза «Орихалк», халцедон, циркон",Baby dream,3666,https://vk.com/market-210844550?w=product-210844550_11914362
0081,Бражник Мёртвая Голова,"Этот Макгаффин - настоящий революционер. Он воплощает дух трансформации: живёшь себе как гусеница, привыкаешь к обстановке, а потом - бац, и ты уже мрачный готический мотылёк с черепом на спине. Бражник Мёртвая Голова несёт в себе всю мощь перерождения, доказывая, что перемены - это просто очередная ступень в цикле жизни. С ним ни один жизненный этап не страшен - только вперёд, к новому и лучшему!",7,38,33,бронза «Орихалк»,Beast,3366,https://vk.com/market-210844550?w=product-210844550_11947355
0082,Гильотина,"Макгаффин для тех, кто хочет отрезать всё лишнее. Будь то ненужные мысли, токсичные отношения или вредные привычки - одним решительным движением, и вот она, свобода!
- Иногда нужно радикально подойти к делу, чтобы наконец обрести ясность.",8,48,26,бронза «Орихалк»,All Hallows Eve,3579,https://vk.com/market-210844550?w=product-210844550_11990868
0083,Тсантса,"Помнишь, как говорили: «Ноги держи в тепле, а голову в холоде»? Оказывается, вот что бывает, если сделать наоборот. А ещё говорят, что одна голова хорошо, а две - ещё лучше. Этот Макгаффин как раз здесь, чтобы прокачать твою соображалку. Никаких лишних эмоций, только холодная, точнее - сушёная логика.",20,160,26,"бронза «Орихалк», капроновая нить",All Hallows Eve,6600,https://vk.com/market-210844550?w=product-210844550_12054054
0084,Железная дева,"Железная дева - это твоя внутренняя темница. Шипы, которые чувствуешь только ты, растут из тревог и сомнений, прячась от посторонних взглядов. Закрываешь дверь, погружаешься в темноту и остаёшься один на один с болью, которой не поделишься ни с кем. Но сколько бы ты ни пытался сбежать, шипы внутри всегда остры.

Этот Макгаффин - для тех, кто понимает: настоящие страдания не в теле, а в голове.",20,60,20,"белая бронза «Нимиль», магнит",All Hallows Eve,4200,https://vk.com/market-210844550?w=product-210844550_12107536
0085,Череп вампира,"De Capite Nosferatis et Mysteriis Palindromi'

Сей артефакт, череп вампира древняго, есть не токмо останок плоти несмертной, но и сосуд таинств, сокрытых от глаз смертных и ведомых лишь избранным в искусстве алкимии. Во челе его запечатлён Палиндром Великий: SATOR AREPO TENET OPERA ROTAS, писание древнее, от сотворения времён текущее. Не ради украшения сей палиндром здесь высечен, но дабы знаменовать круг вечный, коему подчинены и звёзды небесные, и существа, что властвуют над смертью.

Слова сии паче суть не праздны: SATOR - сеятель судьбы, творец теней AREPO - труд упорный, что движет колесо бытия TENET - держит, удерживает власть над течением вещей, что подчиняются токмо воле бессмертной OPERA - деяния вечные, что плетутся во мгле, подчиняя время себе ROTAS - колёса, вращающиеся непрерывно, как звёзды, свитые в спираль.

Череп сей, бывший сосудом для разума вампира, носит на себе следы его тёмной мудрости и власти. Оба вырванных клыка, заключённые во чреве черепной коробки и связанные узлом тайным, суть образы жизни, оторванной от естественного потока, связанной клятвой вечности и проклятием смерти. Связанные клыки знаменуют разорванные узы некогда державшие вампира вне течения времени.

Пользовать сим артефактом - дело не для слабых духом. Череп вампира может даровать власть над кругами бытия: дать возможность распрягать вечные узы или запирать деяния во времени, как в железной клети. В руках алкимиста искусного и знающего тайны ритуалов, сей Макгаффин откроет пути либо к многолетию, либо к кончине долгожданной, как древо, что растёт в обе стороны: и в небеса, и в преисподнюю.",26,36,20,белая бронза «Нимиль»,Alchimia,4666,https://vk.com/market-210844550?w=product-210844550_12167229
0086,Подкроватные монстры,"Когда наступает ночь, а границы между сном и реальностью стираются, каждый монстр под кроватью готов поделиться своей историей. Если ты не хочешь их слушать, у тебя есть идеальный защитник - этот макгаффин станет твоим ловцом снов и прогонит любые кошмары.",14,45,18,белая бронза «Нимиль»,Baby dream,2777,https://vk.com/market-210844550?w=product-210844550_12218774
0087,Ленивец,"Твой антистрессовый гуру.
Бери с него пример: просто зависни где-нибудь и спокойно наблюдай за мимолётностью жизни.",12,22,22,бронза «Орихалк»,Beast,1888,https://vk.com/market-210844550?w=product-210844550_12271438
0088,Скарабей,"Этот Макгаффин древний, как само желание что-то куда-то катить.
Если поймёшь его суть - то поймёшь, почему каждый твой день начинается на той же самой горки, что и вчера. И в этом озарении твой внутренний Сизиф, наконец, сможет втащить булыжник на вершину - и, кто знает, оставить уже его там. И не важно, что именно ты катишь - то ли сияющий солнечный диск, то ли величественный шар из навоза.",7,35,17,"бронза «Орихалк», шпинель",Alchimia,2992,https://vk.com/market-210844550?w=product-210844550_12334242
0089,Бастет,"О Бастет, Владычица Лунного Света, чьи тени танцуют на незримых тропах! Пусть твоя благосклонность, подобно лунному лучу, коснётся того, кто носит этот артефакт. Да обретёт его сердце равновесие, а дух станет гибким, как лунная тень, скользящая по стенам вечности.

Во славу твоей грации и мудрости: даруй ему способность видеть сквозь обман, хранить тепло в холодном дыхании хаоса и двигаться тихо, но уверенно, словно сама Судьба. Пусть взгляд твоего благословения, проникающий в самые глубины души, отвратит от него недоброжелателей. Ибо носить этот макгаффин – значит нести в себе отблеск твоей тайны, что жива, пока луна озаряет мир.",19,50,15,"бронза «Орихалк», лазурит",Alchimia,3888,https://vk.com/market-210844550?w=product-210844550_12388034
0090,Абракадабра,"Если бы у магических слов был рейтинг, Абракадабра неизменно держалась бы в топ-3. Конечно, ни один уважающий себя маг не признается, что пользуется этой 'попсовой' штукой, но прислушайся, что они бормочут себе под нос, когда думают, что никто не слышит.

Это слово сияло на вершине магической моды ещё в те времена, когда люди считали звёзды дырками в небесной ткани, а кошки свободно обсуждали погоду. Абракадабра - это магический эквивалент фразы 'работает - не трогай'. Простое, универсальное, и, что главное, понятное без лишних вопросов.

Это магический стандарт, проверенный временем: надёжный, как старый пыльный свиток, и эффективный в 99% случаев. Ну а если вдруг не сработает, всегда можно с невозмутимым видом заявить, что ты просто пошутил.",6,45,25,"бронза «Орихалк», шпинель",Alchimia,2345,https://vk.com/market-210844550?w=product-210844550_12422402
0091,Паровозик Чарли Чух-Чух,"Паровозик Чарли Чух-Чух

Кто знает, тот знает, а для всех остальных - это просто паровозик.",25,40,35,"бронза «Орихалк», адуляр",Exlibris,3419,https://vk.com/market-210844550?w=product-210844550_12477231
0092,Щелкунчик,"Щелкунчика точно можно назвать главным рождественским Макгаффином: все его хотят, ведь этот образ стал символом всего, что связано с праздниками и ожиданием чуда, которого так не хватает в наше неспокойное время.
Пусть этот Щелкунчик станет твоим маленьким праздником, который всегда под рукой. Без спекуляций, без ценовых аукционов и очередей за билетом - просто бери и наслаждайся чудом.",12,30,20,"бронза «Орихалк», эмаль",Baby dream,4377,https://vk.com/market-210844550?w=product-210844550_12522842
0093,Машинка с ёлкой,"Не мог не сделать этот образ, ну очень мне он нравится)
Машинка с ёлкой - почти архетип, встроенный в наше коллективное подсознание, как запах мандаринов или первый снег.
Этот макгаффин есть ни что иное, как предвкушение праздника, и порой эти моменты ценнее самого торжества. Ведь именно в пути к заветному счастью, с ёлкой на крыше и огоньками впереди, кроется настоящая магия.",20,44,15,"белая бронза «Нимиль», эмаль, магнит",Baby dream,4400,https://vk.com/market-210844550?w=product-210844550_12616675
0094,Ангел,"Утратил всякую надежду на лучшее? С каждым годом мир неумолимо катится в пропасть? Тогда этот макгаффин создан специально для тебя! Он вернёт веру в светлое будущее, в силу любви и в то, что чудеса, пусть и редко, но всё же случаются!
Не сидите сложа крылья, а возьмите всё в свои руки и несите веру в лучшее в этот мир, освещая путь к светлому будущему!",7,30,30,"белая бронза «Нимиль», эмаль",Baby dream,3300,https://vk.com/market-210844550?w=product-210844550_12623667
0095,Змея,"Когда Змея воцаряется на троне перемен, мир превращается в сцену, где разыгрывается грандиозный спектакль трансформации.
И когда реальность станет подобна калейдоскопу безумия, лишь этот Макгаффин сможет нашептать тебе правильный вектор к светлому будущему.",10,40,23,"бронза «Орихалк», шпинель",Zodiac,2025,https://vk.com/market-210844550?w=product-210844550_12817770
0096,Смерть крыс,"Этот Макгаффин работает лучше любой мышеловки, а главное - без дурацких пружин, в которые обычно попадают только пальцы, и, как правило, совсем не мышиные.
Если твой кот настолько ленив, что мыши не просто используют его как лежак, а устраивают у него на боку настоящие сырные фестивали с конкурсом на самого упитанного грызуна, «Смерть Крыс» быстро объяснит им, кто в доме хозяин. Одного взгляда этих крохотных, но таких выразительных глазниц достаточно, чтобы хвостатые нарушители спокойствия задумались о смене места жительства. Возможно, даже в пользу иного мира, где сыр течёт рекой, а коты - это просто большие, тёплые лежанки.
В общем, этот Макгаффин - путёвка в один конец. Для крыс, разумеется.",14,45,25,белая бронза «Нимиль»,Exlibris,3663,https://vk.com/market-210844550?w=product-210844550_12855608
0097,Сундук,"Надёжный компаньон, бесстрашный защитник и, возможно, единственный предмет мебели, который может устроить массовую расправу, - Сундук! Он дружелюбнее собаки… если ты его хозяин, конечно. Для всех остальных он бешеный носорог, только с большей тягой к насилию и меньшей предрасположенностью к вегетарианству.
Сундук будет следовать за тобой повсюду, защищая тебя от злых волшебников, голодных троллей и особенно назойливых коммивояжёров. Он кусается, лягается, и если понадобится - радикально сокращает численность твоих недоброжелателей. Никто не знает, куда исчезают его жертвы, но, судя по тихому довольному урчанию… э-э-э… в общем ты понял. Так что не вздумай совать в него пальцы… если, конечно, не хочешь проверить, что такое жизнь после пищеварения.",50,45,27,бронза «Орихалк»,Exlibris,6800,https://vk.com/market-210844550?w=product-210844550_12895562
0098,Мозг в банке,"Все эти ваши ИИ, нейроимпланты, Х-линки, квантовые вычисления - жалкие попытки догнать будущее! Настоящие гении знают: если нужно срочно прибавить пару сотен петабайтов серого вещества, то нет ничего лучше «Мозга в банке»! Это то, что доктор (возможно, слегка неофициальный, с лицензией, нарисованной от руки) прописал!
Тут тебе и резервное хранилище гениальных идей, и автономная система принятия решений, и генератор глубокомысленных размышлений (иногда с повышенным выделением пузырей). А если ты безумный учёный с тонким чувством эстетики, то что может выглядеть лучше, чем мозг в банке с радиоакт... э-э-э… то есть таинственной зелёной жижей? Только два мозга в банке! Или три!
Бери быстрей, пока сам не оказался в банке, как ты знаешь, наше производство расширяется!",40,65,30,"белая бронза «Нимиль», стекло, эмаль, полимер",Futurism,5500,https://vk.com/market-210844550?w=product-210844550_12928010
0099,Звезда Полынь,"Когда небо расколется и треть рек обратится в горечь, взойдёт она - Звезда полынь! Она не согревает - она испепеляет. Ни одна туча не посмеет закрыть её сияние, ведь её солнцеликость так преисполнена, что при одном взгляде ты перенасытишься витамином D и начнёшь излучать радиоактивный позитив. А кукарекающие петухи, встречающие рассвет, в мгновение ока превратятся в хрустящую курицу-гриль.
Она заставит тебя сжечь все запасы солнцезащитного крема, а из пустых бутылок возвести языческий алтарь в её честь. Но, скорее всего, ты даже не успеешь отбросить тень - её жар испепелит тебя, оставив лишь горстку пепла, хоть ты и не вампир...

Так что, если не хочешь такой огненной судьбы, срочно хватай этот Макгаффин - с ним апокалипсис точно не сегодня!",10,42,40,бронза «Орихалк»,All Hallows Eve,1999,https://vk.com/market-210844550?w=product-210844550_13082321
0100,Многоликий,"Вот он - Многоликий, чьё имя записано в каталогах Борхеса, которых никогда не существовало, страж тайн, что не принадлежат ни одному времени, голос, вплетённый в молчание бесконечных вавилонских библиотек. Этот Макгаффин - способен отразить даже зеркало, каждая его грань множится в лабиринте твоей души. Он видит маски, что ты носил и будешь носить: для тех, кто был, для тех, кто станет, и для того, кто смотрит из глубины. Но если ты сорвёшь одну из этих масок, что найдёшь - лицо или ещё одну бездну?
Многоликий не скрывает и не обманывает - он открывает тропы, что расходятся в вечности, где ты можешь быть тенью, что скользит по краю мифа, или героем, чьи шаги звучат в снах, которые никогда не снились. Но помни: он также хранитель игры, и если ты слишком долго задержишься в одном из его отражений, он оставит тебя там, в лабиринте, где маска станет твоей судьбой… навек.
Возьми Многоликого и шагни в танец своих скрытых ликов - пусть он покажет, сколько троп прячется в твоей душе!",16,44,30,"белая бронза «Нимиль», магнит",Exlibris,4742,https://vk.com/market-210844550?w=product-210844550_13116299
0101,Пасхалка,"Держал ли ты когда-нибудь чью-то смерть в руках? Нет? Тогда этот Макгаффин — как раз для тебя. Ты, конечно, можешь сказать, что не Царевич и спасать принцессу от злого Лича не собираешься. Но даже обычный человек способен оценить прелесть обладания чужой кончиной. Подумай сам — это же погибель одного из самых могущественных злодеев! А тот, кто ей владеет, держит, так сказать, Кощея за... Э-э-э, за самое уязвимое место.
 
 В общем, если ты хоть немного разбираешься в инвестициях, это отличная возможность поправить своё финансовое положение. Конечно, не без рисков — но всю чёрную работу по поиску этого макгаффина я уже проделал за тебя. Эх, знал бы ты, из какой дыры... прости, местности, я выковыривал это яйцо, ты бы не стал так привередничать.",40,20,13,белая бронза «Нимиль»,Exlibris,4321,https://vk.com/market/product/yaytso-paskhalka-210844550-13264593
0102,Квантовый свин,"— Когда рак на горе свистнет… э-э, то есть когда свинья полетит!
 
 Да, этот макгаффин про невозможное, про квантовую запутанность, сочетание несочетаемого, ещё немного про удачу и чуть-чуть про мультивселенную.
 А говорят идеального макгаффина не существует, как по мне он просто находится в суперпозиции: добро и зло, а посередине — чистая случайность.
 И пока монета преспокойно лежит в копилке, мир остаётся привычным. Стоит её вынуть и подбросить — пути назад уже не будет.
 
 P.S. Не вытаскивай монету!",36,30,15,белая бронза «Нимиль»,Zodiac,3769,https://vk.com/market/product/kvantovy-svin-210844550-13323661
0103,Дагон,"Иногда вещи сами обретают тебя. Ты не ищешь их, даже не подозреваешь об их существовании, а потом однажды пробуждаешься, и вот оно, покоится в твоей ладони. И отчего-то глаза режет, словно от непрошеных слез.
 
 Этот артефакт не носят - а становятся его носителем. Хладный, влажный, источающий тошнотворный миазм гниющих водорослей и соли, он словно извлечен из тех глубин, куда не проникает свет, где безмолвие сдавливает грудь с тяжестью, превосходящей тонну воды.
 
 Иные, узревшие его истинную природу, шепчут имя - отец Дагон. Идол, чье присутствие разъедает рассудок, пробуждая в душе первобытные страхи и видения восставших из морской бездны древних богов.
 
 У сего макгаффина лишь одно предназначения - он предвестник. Якорь, брошенный из-за пределов времени, связующий с тем, что дремлет под толщей океана, с тем, что древнее самих звезд.
 
 (Автор снимает с себя всякую ответственность за психологические и онтологические последствия контакта с сим предметом.)",48,15,23,"бронза «Орихалк», агат",Exlibris,3666,https://vk.com/market/product/dagon-210844550-13370299
0104,Русалка,"О Макгаффинах, извлеченных из абиссальных глубин, из тех безвременных зон, где история уступает место чистому бытию, говорить всегда сложнее, и дольше. Так что наберись терпения, текст будет необычно длинным, ведь эти артефакты не просто отрицают хронологию - они ее аннигилируют, предлагая взамен не возраст, но вектор, уходящий в непостижимое. В них запечатлена не столько эпоха, сколько первозданный ил, хранящий память о временах, когда суша еще не отделилась от хтонических вод.
 
 Эта русалка - существо не из бестиариев наивных сказителей, и не сирена с красочных амфор, чьи песни обещали забвение в объятиях волн. Она далека и от той щемящей андерсеновской печали, где самопожертвование юной души было молитвой о бессмертии и тихим угасанием в морской пене. Печаль этой девы иного рода, ее возможное жертвоприношение обращено к безднам куда более древним и равнодушным. Ее генеалогия ближе к сумрачным видениям утопленниц, к той изысканной и трагической красоте, что так влекла прерафаэлитов - вспомните лик Офелии, застывший в водном плену у Милле, или русалок Уотерхауса, чья манящая прелесть неотделима от декадентской тоски и предчувствия гибели. Она родственна тем длинноволосым девам, что скользят по полотнам фламандских мастеров, где каждая прядь - это нить судьбы, пропитанная влагой Стикса, и вторит экстатической меланхолии дев с полотен того же Уотерхауса, где каждая сирена с распущенными кудрями уже наполовину принадлежит иному, сумеречному миру. Она сродни молчаливому, почти лихорадочному перламутру врубелевских созданий, его Демонов и Царевен-Лебедей, застывших на грани миров, вслушивающихся в музыку сфер, недоступную человеческому уху. Ее неподвижность обманчива; это не стазис камня, но напряженная внутренняя жизнь, пульсация скрытых течений. Почти изваяние, но слишком витальное, слишком нуминозное, чтобы быть лишь объектом созерцания. Это запечатленный момент, пойманный миг между телесной памятью, еще хранящей тепло жизни, и окончательным растворением в первозданной Апсу.
 
 А письмена, вьющиеся по краю лодки, которая навечно вмёрзла в озеро Коцит - это не декоративный орнамент. Это глоссолалия, застывшее заклинание, фрагмент некоего ур-языка, быть может, языка самих Великих Древних, тех сущностей, что дремлют в глубинах Р'льеха, ожидая своего часа. Неслова вроде ""Shivda, vinza, kalanda, minogama! Iyda, iyda, yakutalima, batama!"" - они безсущностны, непонятны человеческому разуму, это отголосок литургии, звучавшей задолго до появления Адамова языка. Они не требуют перевода в нашем профанном смысле; их функция - не передать информацию, а резонировать с до-логическими структурами сознания, напомнить о той эпохе, когда слово было не инструментом коммуникации, но актом творения или разрушения, неотличимым от магии. Это язык, на котором бездна говорит с бездной внутри нас.
 
 Эта «Русалка» уже и не символ в узком смысле, не аллегория с легко считываемым значением. Скорее, это метастаза неведомого, прорастающая в ткань реальности. Она не столько рассказывает историю, сколько инфильтрирует сознание, просачивается в сновидения, окрашивая их тревожными тонами Мейринка. Она внедряется в бессонницу, в ту необъяснимую тоску по чему-то неизведанному, что Юнг называл ""nostalgia for the source"", в то странное чувство неловкости и узнавания, когда смотришь в зеркало и видишь не себя, а нечто древнее, глядящее из твоих же глаз. Она – не о смерти в ее привычном понимании и уж точно не о жизни в ее биологическом аспекте. Она – о Третьем. О состоянии лиминальности, о бытии-между, о той сумеречной зоне, где встречаются миры Яви и Нави, где душа еще не покинула тело, но уже не принадлежит ему всецело. Тонком. Несформулированном. И потому - столь властно влекущем.
 
 Если ты ощущаешь это, пристальный взгляд, молчаливый зов из глубин твоего существа, то возможно, носить это Макгаффин уже нет нужды. Ведь эта сила уже нашла тебя.
 
 Но если ты хочешь ощутить на себе это невообразимое чувство, приоткрыть дверь в потустороннее, ощутить присутствие, то этот Макгаффин для тебя!",60,20,22,бронза «Орихалк»,Alchimia,3377,https://vk.com/market/product/rusalka-210844550-13435701
0105,Тардис,"Снаружи — скромная телефонная будка.
 Внутри — пространство, уходящее в бесконечность, не в прошлое и не в будущее, а в ту область, что навсегда останется за пределами знания.
 Она не переносит людей во времени — она перестраивает саму ткань миров вокруг них.",60,22,42,"белая бронза «Нимиль», катафарезная эмаль.",Futurism,0,https://none
0106,Ножницы Судьбы,"«Судьба в твоих руках» - красивая ложь. И я знаю, кто её придумал. Три седые сплетницы, прядущие у общего камня.

Но что они смогут сделать, если у них не останется орудия необратимости? Забери у Атропос её ножницы. Просто возьми и забери.

А потом... спр",4,16,50,белая бронза «Нимиль»,All Hallows Eve,"1 888,00 ₽",https://vk.com/market/product/nozhnitsy-sudby-210844550-14254069
0107,Ловец Кошмаров,"Ты знаешь это чувство, когда просыпаешься среди ночи в холодном поту, а за окном - кромешная тьма, и кажется, будто что-то только что отпустило твоё горло?

НЕТ? - Ну тогда ты счастливый человек!

А если да, то тебе точно пригодится этот Макгаффин. Он как",11,33,63,бронза «Орихалк»,Baby dream,"3 274,00 ₽",https://vk.com/market/product/lovets-koshmarov-210844550-14254007
0108,Монеты Харона,"Единственная валюта, защищённая от инфляции.
Все эти ваши биткоины, акции, NFT и даже золотые слитки - детский лепет на фоне самой стабильной валюты в истории мироздания.

Обол Харона. Древнейший хедж против инфляции.

Пока центральные банки печатают день",16,29,,белая бронза «Нимиль»,All Hallows Eve,"3 666,00 ₽",https://vk.com/market/product/monety-kharona-210844550-14254175
0109,Кот Ултара,"Мышей не ловит, ласку не терпит, собак не боится. Ходит сам по себе, что-то вынюхивает, выискивает.

Ты уже решил, что он бесполезен?

А зря.

Порой он даёт непрошенный совет. По типу: «Не ешь этот пирожок» - и вот на следующий день ты единственный сидишь",6,33,42,бронза «Орихалк»,Exlibris,"1 913,00 ₽",https://vk.com/market/product/kot-ultara-210844550-14338397
0110,Ольховый Король,"Его рога остры и опасны, но это малая цена за его помощь.

Обычно Ольховый Король берёт всё, что захочет. Но через этот Макгаффин он отдаёт тебе частичку себя. Кусочек ольхи внутри этого артефакта пропитан духом его, и он будет защищать носителя от непрош",20,35,50,"бронза «Орихалк», ольха",Alchimia,3 838,https://vk.com/market/product/olkhovy-korol-210844550-14322668
0111,Овца в волчьей шкуре,"Это макгаффин для мира, где афоризм Гоббса «человек человеку - волк» перестаёт быть метафорой, а становится инструкцией по выживанию.

А ты, со своей внутренней добротой, оказался к этому не готов. Твоя «травоядность» просто не приспособлена для этой дико",18,47,20,белая бронза «Нимиль»,Exlibris,4 567,https://vk.com/market/product/ovtsa-v-volchyey-shkure-210844550-14404845
0112,Лягушка и принцесса,"Это не царевна. Это брошенный фамильяр. Умный, голодный и готовый работать за крышу над головой.
Твой шанс заиметь личную жабку-помощника, которая будет с тобой в любой жизненной ситуации. Бери, пока она не передумала и не начала торговаться!",14,40,24,бронза «Орихалк»,Exlibris,2 345,https://vk.com/market/product/lyagushka-i-tsarevna-210844550-14371169
0113,Атуин,"В далёком и далеко не новом комплекте измерений, в том крыле космоса, которое никогда не предназначалось для полёта, клубящиеся звездные туманы дрожат, расступаются и…
Смотрите…
То приближается Великий А’Туин, черепаха, медленно плывущая по межзвёздному п",17,52,30,"бронза «Орихалк», эмаль, кубик циркона.",Exlibris,4 223,https://vk.com/market/product/velikiy-atuin-210844550-14509223
0114,Золотое руно,"Великие аргонавты плавали за ним через полмира. А всё, что от него осталось, - это парочка локонов.
Не ждите от этого Макгаффина царств и славы. Он не даёт власти в прямом смысле слова, лишь её лёгкое, едва уловимое послевкусие. Удача тоже не будет велико",7,55,15,бронза «Орихалк»,Exlibris,"2 855,00 ₽",https://vk.com/market/product/zolotoe-runo-210844550-14732781
0115,Ворон,"Нераскрывший Тайну Клада, Птица Философского Камня, Взломщик Контейнеров, Хранитель ключа, Освободитель Звёзд из Мешка, Спутник Висельников, Трехглазый, Санитар Дорог, Атрибут Бенедикта, Изготовитель Орудий, Чумной, Собиратель Блестящего, Чёрный Вестник, ",22,60,40,белая бронза «Нимиль»,Alchimia,"4 866,00 ₽",https://vk.com/market/product/voron-210844550-14732787
0116,Глаз Одина,"В колодце Мимира, во мраке глубоком,
Где корни сплелись у священных основ
Оставлено было Всевидящим Оком
Всё знание мира под кожей веков

Оно истину цедит сквозь сито пространства
Сдувая слои с бытия, словно прах
В нём нет красоты, в нём нет постоянства
Л",32,48,54,"бронза «Орихалк», стекло, полимеры.",Alchimia,"6 844,00 ₽",https://vk.com/market/product/glaz-odina-210844550-14763134
0117,Единорог,"Страшно жить?

Тогда держи Единорога!

Его рог работает как громоотвод для неприятностей: он пронзает ткань реальности и превращает пожар в управляемый сказочный фейерверк!

Хочешь оседлать безумную стихию, а не стать её топливом?
",11,45,40,"нейзильбер «Нимиль», шпинель",Zodiac,"3 377,00 ₽",https://vk.com/market/product/edinorog-210844550-14880569
0118,Звезда,"Ловить не надо!

Она лежит (или висит) и терпеливо ждёт, когда ты соизволишь загадать желание. Да, исполнить всё как надо не обещает: может забыть, а может и схитрить. Зато - ни штрафов, ни подвоха, ни страшных последствий.

- Как так? - спросишь ты. - Же",4,24,33,"нейзильбер «Нимиль», шпинель",Lucky items,"2 977,00 ₽",https://vk.com/market/product/zvezda-210844550-14962795
0119,Джин,"Вообще не знаю, зачем тебе этот Макгаффин. Ведь быть хранителем джинна - удовольствие сомнительное.
Это тебе не диснеевская сказка с песнями и танцами синего добряка. Внутри этого сосуда томится ифрит - древняя стихийная ярость, запечатанная в тесную тюрь",30,64,24,"бронза «Орихалк», стекло, полимеры",Alchimia,"5 670,00 ₽",https://vk.com/market/product/dzhin-210844550-15007831
0120,Желатиновый КУБ,"Чистота требует жертв!
Самый незаметный способ бесследно исчезнуть из реальности - это просто войти в него. Желатиновый КУБ - лучший санитар пространства. Он поглощает всё, не оставляя ни следа, просто дай ему время...

А что бы ты скормил этому монстру?",8,15,40,"белая бронза «Нимиль», стекло, полимеры.",All Hallows Eve,"2 888,00 ₽",https://vk.com/market/product/zhelatinovy-kub-210844550-15073487
0121,Око Саурона,"Окружённое огнём Око Саурона, остекленевшее, жёлтое, как у кошки, бдительное и сконцентрированное, и чёрная дыра его зрачка была словно окно в ничто.",36,54,30,"бронза «Орихалк», стекло, полимеры.",Exlibris,"4 666,00 ₽",https://vk.com/market/product/oko-saurona-210844550-15146959
0122,Лиса Кицунэ,"В ночных легендах кицунэ часто сопровождает таинственный огонь - kitsunebi, лисьи огни, которые загораются в темноте там, где человек давно потерял бы путь.

Кицунэ - символ хитрости и внутреннего света, но не яркого и ослепляющего, а мягкого, мерцающего,",27,47,28,бронза «Орихалк»,Amore,"3 777,00 ₽",https://vk.com/market/product/lisa-kitsune-210844550-15251960
0123,Ньярлатотеп,"Я долго колебался, прежде чем решиться извлечь сию фигуру на свет дня и предложить её обыкновенному смертному; и даже теперь, когда строки сии ложатся на бумагу, рука моя пишет неохотно, словно сама бумага противится тому, что должно быть сказано. Ибо пре",20,55,26," бронза «Орихалк», лазурит",Exlibris,"3 888,00 ₽",
